Date,Country,Confirmed Cases,Recovered,Deaths
2020/03/01,Mexico,1,0,0
2020/03/01,Luxembourg,1,0,0
2020/03/01,Kuwait,3,0,0
2020/03/01,Netherlands,5,0,0
2020/03/01,Norway,10,0,0
2020/03/01,Pakistan,1,0,0
2020/03/01,Qatar,1,0,0
2020/03/01,United States,0,0,1
2020/03/01,United Kingdom,15,0,0
2020/03/01,Thailand,0,0,1
2020/03/01,Switzerland,9,0,0
2020/03/01,Sweden,1,0,0
2020/03/01,Korea,376,3,1
2020/03/01,Spain,17,0,0
2020/03/01,Singapore,4,3,0
2020/03/01,San Marino,1,0,0
2020/03/01,Malaysia,4,0,0
2020/03/01,Israel,1,0,0
2020/03/01,China,578,2854,35
2020/03/01,Brazil,1,0,0
2020/03/01,Belgium,1,0,0
2020/03/01,Canada,4,0,0
2020/03/01,Bahrain,3,0,0
2020/03/01,Austria,5,0,0
2020/03/01,Armenia,1,0,0
2020/03/01,Japan,10,19,0
2020/03/01,Croatia,2,0,0
2020/03/01,Azerbaijan,2,0,0
2020/03/01,Australia,3,0,1
2020/03/01,Greece,3,0,0
2020/03/01,France,43,1,0
2020/03/01,Georgia,1,0,0
2020/03/01,Germany,51,0,0
2020/03/01,Iran,385,52,11
2020/03/01,Italy,240,4,8
2020/03/01,Iraq,5,0,0
2020/03/01,Ireland,1,0,0
2020/03/01,Ecuador,1,0,0
2020/03/02,Netherlands,3,0,0
2020/03/02,Korea,809,0,5
2020/03/02,Mexico,1,0,0
2020/03/02,Pakistan,1,0,0
2020/03/02,Egypt,1,0,0
2020/03/02,Singapore,4,2,0
2020/03/02,Spain,26,0,0
2020/03/02,Thailand,1,3,0
2020/03/02,United Kingdom,1,0,0
2020/03/02,Japan,24,0,1
2020/03/02,Switzerland,3,0,0
2020/03/02,Australia,1,0,0
2020/03/02,Norway,2,0,0
2020/03/02,Indonesia,2,0,0
2020/03/02,Canada,4,0,0
2020/03/02,Austria,4,0,0
2020/03/02,Bahrain,6,0,0
2020/03/02,China,203,2681,42
2020/03/02,Czech Republic,3,0,0
2020/03/02,Italy,566,33,5
2020/03/02,Diamond Princess Cruise Ship,1,0,0
2020/03/02,Ecuador,5,0,0
2020/03/02,Andorra,1,0,0
2020/03/02,France,30,0,0
2020/03/02,Germany,13,0,0
2020/03/02,United States,14,0,0
2020/03/02,Iran,523,0,12
2020/03/02,Iraq,6,0,0
2020/03/02,Dominican Republic,1,0,0
2020/03/02,Finland,3,0,0
2020/03/03,Portugal,2,0,0
2020/03/03,Mexico,0,1,0
2020/03/03,Oman,6,1,0
2020/03/03,Norway,13,0,0
2020/03/03,Lebanon,7,0,0
2020/03/03,Morocco,1,0,0
2020/03/03,Malaysia,7,4,0
2020/03/03,Kuwait,10,0,0
2020/03/03,Qatar,6,0,0
2020/03/03,United Kingdom,15,0,0
2020/03/03,Korea,851,0,9
2020/03/03,Pakistan,1,0,0
2020/03/03,United States,23,0,5
2020/03/03,Ukraine,1,0,0
2020/03/03,Switzerland,19,2,0
2020/03/03,Sweden,6,0,0
2020/03/03,Senegal,1,0,0
2020/03/03,Spain,66,0,0
2020/03/03,Singapore,4,0,0
2020/03/03,Saudi Arabia,1,0,0
2020/03/03,Japan,15,0,0
2020/03/03,Belarus,2,0,0
2020/03/03,Czech Republic,2,0,0
2020/03/03,China,128,2591,33
2020/03/03,Jordan,1,0,0
2020/03/03,Croatia,2,0,0
2020/03/03,Australia,11,0,0
2020/03/03,Netherlands,14,0,0
2020/03/03,Belgium,11,0,0
2020/03/03,Denmark,3,0,0
2020/03/03,India,3,0,0
2020/03/03,Iceland,8,0,0
2020/03/03,Iran,835,260,11
2020/03/03,Germany,66,0,0
2020/03/03,Italy,342,66,18
2020/03/04,Korea,435,11,2
2020/03/04,New Zealand,1,0,0
2020/03/04,Norway,1,0,0
2020/03/04,Latvia,1,0,0
2020/03/04,Malaysia,14,0,0
2020/03/04,Liechtenstein,1,0,0
2020/03/04,Poland,1,0,0
2020/03/04,Romania,1,1,0
2020/03/04,United States,22,0,3
2020/03/04,United Arab Emirates,6,0,0
2020/03/04,Tunisia,1,0,0
2020/03/04,Switzerland,12,0,0
2020/03/04,Sweden,11,0,0
2020/03/04,Spain,15,0,1
2020/03/04,China,121,2564,36
2020/03/04,Chile,1,0,0
2020/03/04,Canada,6,0,0
2020/03/04,Belarus,1,0,0
2020/03/04,Bahrain,2,0,0
2020/03/04,Australia,1,6,0
2020/03/04,Argentina,1,0,0
2020/03/04,Austria,10,0,0
2020/03/04,Denmark,4,0,0
2020/03/04,Italy,466,11,27
2020/03/04,Ireland,1,0,0
2020/03/04,Iraq,13,0,1
2020/03/04,Iran,586,117,15
2020/03/04,India,9,0,0
2020/03/04,Iceland,5,0,0
2020/03/04,Germany,44,0,0
2020/03/04,France,82,0,2
2020/03/04,Ecuador,1,0,0
2020/03/04,Japan,15,5,0
2020/03/05,Singapore,2,5,0
2020/03/05,Norway,23,0,0
2020/03/05,United States,31,0,2
2020/03/05,Oman,3,0,0
2020/03/05,Korea,467,0,3
2020/03/05,New Zealand,1,0,0
2020/03/05,Lebanon,5,1,0
2020/03/05,Netherlands,14,0,0
2020/03/05,Mexico,1,0,0
2020/03/05,United Arab Emirates,1,0,0
2020/03/05,Thailand,4,0,0
2020/03/05,Switzerland,8,0,0
2020/03/05,United Kingdom,34,0,0
2020/03/05,Senegal,3,0,0
2020/03/05,Sweden,22,0,0
2020/03/05,Spain,64,0,0
2020/03/05,Slovenia,1,0,0
2020/03/05,Saudi Arabia,1,0,0
2020/03/05,San Marino,9,0,0
2020/03/05,Russia,1,0,0
2020/03/05,Romania,2,0,0
2020/03/05,Portugal,3,0,0
2020/03/05,Greece,3,0,0
2020/03/05,China,157,2307,32
2020/03/05,Chile,2,0,0
2020/03/05,Canada,3,0,0
2020/03/05,Brazil,1,0,0
2020/03/05,Bosnia and Herzegovina,1,0,0
2020/03/05,Belarus,2,0,0
2020/03/05,Belgium,10,0,0
2020/03/05,Australia,12,0,1
2020/03/05,Algeria,7,0,0
2020/03/05,Denmark,5,0,0
2020/03/05,Croatia,1,0,0
2020/03/05,Iceland,12,0,0
2020/03/05,Italy,587,116,28
2020/03/05,Israel,5,0,0
2020/03/05,Iraq,0,0,1
2020/03/05,India,14,0,0
2020/03/05,Japan,27,0,0
2020/03/05,Germany,109,0,0
2020/03/05,France,73,0,0
2020/03/05,Finland,1,0,0
2020/03/05,Hungary,2,0,0
2020/03/05,Ecuador,3,0,0
2020/03/06,Estonia,4,0,0
2020/03/06,Ecuador,3,0,0
2020/03/06,Diamond Princess Cruise Ship,-10,0,0
2020/03/06,Russia,5,0,0
2020/03/06,Finland,8,0,0
2020/03/06,India,2,0,0
2020/03/06,Hungary,1,0,0
2020/03/06,Iceland,8,0,0
2020/03/06,Iran,1825,361,32
2020/03/06,Denmark,5,1,0
2020/03/06,Iraq,6,0,0
2020/03/06,Czech Republic,7,0,0
2020/03/06,China,153,1650,29
2020/03/06,Algeria,9,0,0
2020/03/06,Germany,216,0,0
2020/03/06,Indonesia,2,0,0
2020/03/06,Austria,17,0,0
2020/03/06,Ireland,11,0,0
2020/03/06,Cameroon,1,0,0
2020/03/06,Croatia,1,0,0
2020/03/06,Belgium,86,0,0
2020/03/06,Brazil,5,0,0
2020/03/06,Australia,6,1,0
2020/03/06,Canada,15,0,0
2020/03/06,Chile,1,0,0
2020/03/06,Bahrain,7,4,0
2020/03/06,Israel,2,1,0
2020/03/06,Greece,35,0,0
2020/03/06,Japan,40,0,0
2020/03/06,Republic of Serbia,1,0,0
2020/03/06,Argentina,1,0,0
2020/03/06,Italy,838,138,41
2020/03/06,San Marino,13,0,0
2020/03/06,Thailand,1,0,0
2020/03/06,Peru,1,0,0
2020/03/06,Slovenia,5,0,0
2020/03/06,South Africa,1,0,0
2020/03/06,Spain,116,0,0
2020/03/06,Status Civitatis Vaticanae,1,0,0
2020/03/06,Switzerland,62,1,1
2020/03/06,Singapore,18,3,0
2020/03/06,United Arab Emirates,1,0,0
2020/03/06,Philippines,2,0,0
2020/03/06,Palestine,7,0,0
2020/03/06,United States,79,0,3
2020/03/06,United Kingdom,31,0,1
2020/03/06,France,292,0,5
2020/03/06,Sweden,42,0,0
2020/03/06,Korea,505,0,6
2020/03/06,Kuwait,2,0,0
2020/03/06,Malaysia,5,0,0
2020/03/06,Kingdom of Bhutan,1,0,0
2020/03/06,New Zealand,1,0,0
2020/03/06,Oman,1,0,0
2020/03/06,Norway,30,0,0
2020/03/06,Pakistan,1,0,0
2020/03/06,Netherlands,44,0,0
2020/03/07,New Zealand,1,0,0
2020/03/07,Philippines,1,0,0
2020/03/07,United States,92,7,0
2020/03/07,Norway,27,0,0
2020/03/07,Palestine,9,0,0
2020/03/07,Portugal,3,0,0
2020/03/07,Malaysia,28,1,0
2020/03/07,Poland,4,0,0
2020/03/07,United Kingdom,47,0,0
2020/03/07,Netherlands,46,0,1
2020/03/07,United Arab Emirates,16,2,0
2020/03/07,Togo,1,0,0
2020/03/07,Thailand,2,0,0
2020/03/07,Switzerland,82,0,0
2020/03/07,Qatar,4,0,0
2020/03/07,Vietnam,2,0,0
2020/03/07,Sweden,43,0,0
2020/03/07,Romania,3,2,0
2020/03/07,Spain,42,0,0
2020/03/07,Korea,448,67,5
2020/03/07,Cameroon,1,0,0
2020/03/07,Costa Rica,1,0,0
2020/03/07,Colombia,1,0,0
2020/03/07,China,81,1591,28
2020/03/07,Canada,5,0,0
2020/03/07,Czech Republic,6,0,0
2020/03/07,Austria,14,0,0
2020/03/07,Denmark,3,0,0
2020/03/07,Argentina,6,0,0
2020/03/07,Australia,5,0,0
2020/03/07,Luxembourg,2,0,0
2020/03/07,Brazil,5,0,0
2020/03/07,Croatia,1,0,0
2020/03/07,Japan,49,0,0
2020/03/07,Italy,709,109,49
2020/03/07,Israel,4,0,0
2020/03/07,Ireland,5,0,0
2020/03/07,Iran,1076,756,21
2020/03/07,India,2,0,0
2020/03/07,Iceland,11,0,0
2020/03/07,Egypt,13,0,0
2020/03/07,Greece,1,0,0
2020/03/07,Grand Princess,21,0,0
2020/03/07,Germany,122,0,0
2020/03/07,Georgia,6,0,0
2020/03/07,France,36,0,0
2020/03/07,Estonia,5,0,0
2020/03/07,Iraq,8,0,2
2020/03/08,Paraguay,1,0,0
2020/03/08,Palestine,3,0,0
2020/03/08,Pakistan,0,1,0
2020/03/08,Peru,5,0,0
2020/03/08,North Macedonia,2,0,0
2020/03/08,Norway,34,0,0
2020/03/08,Malta,1,0,0
2020/03/08,Mexico,1,0,0
2020/03/08,Maldives,2,0,0
2020/03/08,Malaysia,10,0,0
2020/03/08,Lebanon,13,0,0
2020/03/08,Netherlands,60,0,0
2020/03/08,Poland,1,0,0
2020/03/08,Sweden,24,0,0
2020/03/08,Vietnam,3,0,0
2020/03/08,Switzerland,18,0,0
2020/03/08,United States,121,0,5
2020/03/08,Slovakia,3,0,0
2020/03/08,Portugal,7,0,0
2020/03/08,Spain,129,0,9
2020/03/08,South Africa,1,0,0
2020/03/08,Singapore,8,0,0
2020/03/08,Saudi Arabia,5,0,0
2020/03/08,San Marino,3,0,0
2020/03/08,Russia,2,1,0
2020/03/08,Slovenia,6,0,0
2020/03/08,Romania,4,0,0
2020/03/08,Bosnia and Herzegovina,2,0,0
2020/03/08,China,53,1854,28
2020/03/08,Chile,3,0,0
2020/03/08,Brazil,6,0,0
2020/03/08,Belgium,60,0,0
2020/03/08,Korea,273,0,3
2020/03/08,Afghanistan,3,0,0
2020/03/08,Algeria,2,0,0
2020/03/08,Bahrain,21,0,0
2020/03/08,Argentina,1,0,1
2020/03/08,Australia,10,0,1
2020/03/08,Austria,24,0,0
2020/03/08,United Kingdom,43,0,1
2020/03/08,Czech Republic,3,0,0
2020/03/08,Denmark,4,0,0
2020/03/08,Canada,7,0,0
2020/03/08,Egypt,18,0,0
2020/03/08,Japan,43,0,1
2020/03/08,Italy,1247,66,36
2020/03/08,Israel,4,0,0
2020/03/08,Ireland,1,0,0
2020/03/08,Iran,743,465,49
2020/03/08,India,6,0,0
2020/03/08,Iceland,5,0,0
2020/03/08,Iraq,8,0,0
2020/03/08,Greece,20,0,0
2020/03/08,Germany,160,0,0
2020/03/08,Georgia,4,0,0
2020/03/08,France,336,0,7
2020/03/08,Finland,4,0,0
2020/03/08,Cambodia,1,0,0
2020/03/08,Hungary,2,0,0
2020/03/09,Tunisia,1,0,0
2020/03/09,Nigeria,1,0,0
2020/03/09,Korea,164,58,3
2020/03/09,Moldova,1,0,0
2020/03/09,Maldives,2,0,0
2020/03/09,Malaysia,24,0,0
2020/03/09,Luxembourg,2,0,0
2020/03/09,Switzerland,84,0,1
2020/03/09,Lebanon,4,0,0
2020/03/09,Norway,22,0,0
2020/03/09,Philippines,4,0,0
2020/03/09,Portugal,15,0,0
2020/03/09,Romania,2,0,0
2020/03/09,Slovakia,2,0,0
2020/03/09,Slovenia,4,0,0
2020/03/09,Spain,483,0,15
2020/03/09,Sweden,52,0,0
2020/03/09,Latvia,5,0,0
2020/03/09,San Marino,10,0,0
2020/03/09,Poland,2,0,0
2020/03/09,Hungary,4,0,0
2020/03/09,Brazil,6,0,0
2020/03/09,Bulgaria,2,0,0
2020/03/09,Canada,6,0,0
2020/03/09,Chile,1,0,0
2020/03/09,China,37,1412,23
2020/03/09,Costa Rica,8,0,0
2020/03/09,Denmark,8,0,0
2020/03/09,Finland,11,0,0
2020/03/09,Bahrain,32,10,0
2020/03/09,France,177,0,3
2020/03/09,Egypt,22,11,0
2020/03/09,Czech Republic,11,0,0
2020/03/09,Australia,9,0,0
2020/03/09,United States,127,0,2
2020/03/09,Japan,51,0,2
2020/03/09,Italy,1492,33,133
2020/03/09,Israel,14,0,0
2020/03/09,Ireland,2,0,0
2020/03/09,Iraq,7,0,2
2020/03/09,Iceland,8,0,0
2020/03/09,Iran,595,60,43
2020/03/09,Germany,265,0,0
2020/03/09,Argentina,3,0,0
2020/03/09,Austria,23,0,0
2020/03/09,Belgium,70,0,0
2020/03/10,North Macedonia,4,0,0
2020/03/10,Pakistan,10,0,0
2020/03/10,Panama,1,0,0
2020/03/10,Philippines,23,0,0
2020/03/10,Morocco,2,0,0
2020/03/10,Latvia,2,0,0
2020/03/10,Mongolia,1,0,0
2020/03/10,Maldives,2,0,0
2020/03/10,Malaysia,12,0,0
2020/03/10,Poland,10,0,0
2020/03/10,Netherlands,194,0,3
2020/03/10,United Kingdom,113,0,0
2020/03/10,Qatar,7,0,0
2020/03/10,United Arab Emirates,29,0,0
2020/03/10,Tunisia,3,0,0
2020/03/10,Thailand,3,0,0
2020/03/10,Switzerland,164,0,1
2020/03/10,Sweden,113,0,0
2020/03/10,United States,132,0,5
2020/03/10,Spain,649,0,10
2020/03/10,Slovenia,9,0,0
2020/03/10,Slovakia,2,0,0
2020/03/10,Singapore,28,0,0
2020/03/10,Saudi Arabia,13,0,0
2020/03/10,San Marino,15,0,2
2020/03/10,Romania,2,0,0
2020/03/10,Republic of Serbia,3,0,0
2020/03/10,Vietnam,13,0,0
2020/03/10,Kuwait,11,0,0
2020/03/10,Cyprus,2,0,0
2020/03/10,Chile,5,0,0
2020/03/10,Canada,11,0,1
2020/03/10,Burkina Faso,2,0,0
2020/03/10,Brunei,6,0,0
2020/03/10,Belarus,3,2,0
2020/03/10,Bosnia and Herzegovina,2,0,0
2020/03/10,China,27,1374,16
2020/03/10,Austria,55,2,0
2020/03/10,Korea,35,81,1
2020/03/10,Afghanistan,1,0,0
2020/03/10,Albania,6,0,0
2020/03/10,Bangladesh,3,0,0
2020/03/10,Argentina,5,0,0
2020/03/10,Australia,18,0,0
2020/03/10,Azerbaijan,8,0,0
2020/03/10,Denmark,78,0,0
2020/03/10,Croatia,1,0,0
2020/03/10,Japan,67,56,3
2020/03/10,Italy,1797,102,97
2020/03/10,Israel,11,0,0
2020/03/10,Ireland,3,0,0
2020/03/10,Iraq,6,9,1
2020/03/10,Iran,881,537,54
2020/03/10,Indonesia,23,2,0
2020/03/10,India,19,0,0
2020/03/10,Iceland,2,0,0
2020/03/10,Greece,23,0,0
2020/03/10,Czech Republic,8,0,0
2020/03/10,Germany,127,0,2
2020/03/10,France,480,0,11
2020/03/10,Finland,10,0,0
2020/03/10,Estonia,2,0,0
2020/03/10,Egypt,4,0,0
2020/03/10,Diamond Princess Cruise Ship,0,427,0
2020/03/11,Pakistan,2,0,0
2020/03/11,Paraguay,1,0,0
2020/03/11,Norway,108,0,0
2020/03/11,Vietnam,1,0,0
2020/03/11,Saudi Arabia,1,0,0
2020/03/11,Palestine,11,0,0
2020/03/11,Philippines,2,0,0
2020/03/11,Panama,7,0,1
2020/03/11,Oman,2,0,0
2020/03/11,Malta,4,0,0
2020/03/11,Lithuania,2,0,0
2020/03/11,Lebanon,20,0,1
2020/03/11,SriLanka,1,0,0
2020/03/11,Sweden,29,0,0
2020/03/11,Thailand,6,3,0
2020/03/11,United Kingdom,54,0,4
2020/03/11,Turkey,1,0,0
2020/03/11,United States,300,0,5
2020/03/11,Poland,4,0,0
2020/03/11,Spain,480,181,12
2020/03/11,South Africa,5,0,0
2020/03/11,Slovenia,6,0,0
2020/03/11,San Marino,11,0,0
2020/03/11,Russia,10,0,0
2020/03/11,Romania,11,0,0
2020/03/11,Republic of Serbia,1,0,0
2020/03/11,Qatar,6,0,0
2020/03/11,Korea,242,41,7
2020/03/11,Cambodia,1,0,0
2020/03/11,Azerbaijan,2,3,0
2020/03/11,China,37,1470,22
2020/03/11,Chile,4,0,0
2020/03/11,Canada,16,0,0
2020/03/11,Bolivia,2,0,0
2020/03/11,Costa Rica,4,0,0
2020/03/11,Brazil,9,0,0
2020/03/11,Austria,25,0,0
2020/03/11,Croatia,2,0,0
2020/03/11,Australia,16,0,0
2020/03/11,Afghanistan,2,0,0
2020/03/11,Bosnia and Herzegovina,2,0,0
2020/03/11,Algeria,1,0,0
2020/03/11,Argentina,2,0,0
2020/03/11,Belgium,28,0,0
2020/03/11,Czech Republic,21,0,0
2020/03/11,Georgia,10,0,0
2020/03/11,Colombia,2,0,0
2020/03/11,Japan,39,0,2
2020/03/11,Italy,1111,280,168
2020/03/11,Israel,25,0,0
2020/03/11,Ireland,10,0,0
2020/03/11,Iraq,4,0,0
2020/03/11,Iran,958,228,63
2020/03/11,Indonesia,0,0,1
2020/03/11,India,3,0,0
2020/03/11,Iceland,9,0,0
2020/03/11,Jamaica,1,0,0
2020/03/11,Germany,285,0,0
2020/03/11,France,178,0,3
2020/03/11,Estonia,1,0,0
2020/03/11,Denmark,149,0,0
2020/03/11,Egypt,0,0,1
2020/03/11,Ecuador,2,0,0
2020/03/11,Diamond Princess Cruise Ship,0,0,1
2020/03/11,Democratic Republic of the Congo,1,0,0
2020/03/12,Netherlands,121,0,1
2020/03/12,Morocco,3,0,2
2020/03/12,Latvia,2,0,0
2020/03/12,Norway,212,0,0
2020/03/12,North Macedonia,2,0,0
2020/03/12,Panama,3,0,0
2020/03/12,Moldova,2,0,0
2020/03/12,Mexico,4,0,0
2020/03/12,Malta,1,0,0
2020/03/12,Luxembourg,2,0,0
2020/03/12,Korea,114,0,0
2020/03/12,Malaysia,29,9,0
2020/03/12,Philippines,17,0,1
2020/03/12,Spain,840,6,37
2020/03/12,Thailand,11,0,0
2020/03/12,Monaco,1,0,0
2020/03/12,Sweden,145,0,8
2020/03/12,Tunisia,2,0,0
2020/03/12,United Kingdom,87,0,0
2020/03/12,Vietnam,9,0,0
2020/03/12,SriLanka,1,0,0
2020/03/12,South Africa,10,0,0
2020/03/12,Slovenia,26,0,0
2020/03/12,Slovakia,3,0,0
2020/03/12,Singapore,21,0,0
2020/03/12,San Marino,7,0,1
2020/03/12,Russia,8,0,0
2020/03/12,Romania,21,0,0
2020/03/12,Republic of Serbia,14,0,0
2020/03/12,Qatar,239,0,0
2020/03/12,Portugal,29,0,0
2020/03/12,Poland,9,0,0
2020/03/12,Saudi Arabia,24,0,0
2020/03/12,Cambodia,2,0,0
2020/03/12,Japan,37,0,3
2020/03/12,Cuba,3,0,0
2020/03/12,Colombia,6,0,0
2020/03/12,China,12,1256,11
2020/03/12,Canada,14,0,0
2020/03/12,Bulgaria,5,0,0
2020/03/12,Brazil,18,0,0
2020/03/12,Bosnia and Herzegovina,4,0,0
2020/03/12,Bahrain,86,21,0
2020/03/12,Austria,64,0,0
2020/03/12,Australia,27,2,0
2020/03/12,Armenia,3,0,0
2020/03/12,Croatia,4,0,0
2020/03/12,Algeria,5,8,1
2020/03/12,Albania,9,0,0
2020/03/12,Azerbaijan,2,0,0
2020/03/12,Chile,6,0,0
2020/03/12,Belgium,132,0,3
2020/03/12,Brunei,19,0,0
2020/03/12,Finland,25,0,0
2020/03/12,Cyprus,4,0,0
2020/03/12,Ivory Coast,1,0,0
2020/03/12,Italy,2179,41,196
2020/03/12,Israel,25,0,0
2020/03/12,Ireland,9,0,1
2020/03/12,Iraq,-3,6,1
2020/03/12,India,12,0,0
2020/03/12,Iceland,21,0,0
2020/03/12,Honduras,2,0,0
2020/03/12,Guyana,1,0,1
2020/03/12,Iran,1075,317,75
2020/03/12,Greece,0,0,1
2020/03/12,Costa Rica,9,0,0
2020/03/12,Germany,554,0,1
2020/03/12,Georgia,1,0,0
2020/03/12,France,497,0,15
2020/03/12,Estonia,3,0,0
2020/03/12,Egypt,8,-4,0
2020/03/12,Diamond Princess Cruise Ship,1,0,0
2020/03/12,Denmark,252,0,0
2020/03/12,Czech Republic,30,0,0
2020/03/13,Palestine,1,0,0
2020/03/13,Pakistan,2,0,0
2020/03/13,Panama,16,0,0
2020/03/13,Oman,1,0,0
2020/03/13,Norway,214,0,0
2020/03/13,Moldova,3,0,0
2020/03/13,Netherlands,301,0,0
2020/03/13,Kenya,1,0,0
2020/03/13,Mexico,4,0,0
2020/03/13,Maldives,3,0,0
2020/03/13,Lebanon,25,0,2
2020/03/13,Latvia,6,0,0
2020/03/13,Kuwait,11,0,0
2020/03/13,Korea,110,222,11
2020/03/13,Kazakstan,3,0,0
2020/03/13,Peru,16,0,0
2020/03/13,Martinique,3,0,0
2020/03/13,Switzerland,533,0,1
2020/03/13,United Arab Emirates,11,13,0
2020/03/13,Philippines,12,0,0
2020/03/13,Trinidad and Tobago,1,0,0
2020/03/13,Sweden,183,0,0
2020/03/13,Thailand,5,0,0
2020/03/13,Tunisia,6,0,0
2020/03/13,Turkey,1,0,0
2020/03/13,Ukraine,2,0,0
2020/03/13,United Kingdom,130,0,0
2020/03/13,United States,631,0,8
2020/03/13,Vietnam,3,0,0
2020/03/13,Senegal,6,0,0
2020/03/13,Spain,1241,0,36
2020/03/13,South Africa,7,0,0
2020/03/13,Slovenia,32,0,0
2020/03/13,Slovakia,6,0,0
2020/03/13,Singapore,13,0,0
2020/03/13,Saudi Arabia,17,1,0
2020/03/13,Saint Barthelemy,1,0,0
2020/03/13,Russia,17,0,0
2020/03/13,Romania,21,0,0
2020/03/13,Republic of Serbia,12,0,0
2020/03/13,Qatar,-1,0,0
2020/03/13,Poland,20,0,0
2020/03/13,Sint Maarten,2,0,0
2020/03/13,Denmark,271,0,0
2020/03/13,Czech Republic,5,0,0
2020/03/13,Cyprus,8,0,0
2020/03/13,Croatia,12,0,0
2020/03/13,China,14,1303,8
2020/03/13,Chile,10,0,0
2020/03/13,Canada,42,0,0
2020/03/13,Bulgaria,16,0,0
2020/03/13,Brunei,11,0,0
2020/03/13,Bosnia and Herzegovina,2,0,0
2020/03/13,Cuba,1,0,0
2020/03/13,Andorra,1,1,0
2020/03/13,Belarus,3,0,0
2020/03/13,Japan,54,33,2
2020/03/13,Albania,18,0,0
2020/03/13,Algeria,1,2,1
2020/03/13,Argentina,12,0,0
2020/03/13,Austria,115,2,1
2020/03/13,Bahrain,15,0,0
2020/03/13,Belgium,157,0,0
2020/03/13,Brazil,25,0,0
2020/03/13,Democratic Republic of the Congo,1,0,0
2020/03/13,Georgia,1,0,0
2020/03/13,Italy,2651,213,189
2020/03/13,Israel,26,0,0
2020/03/13,Ireland,27,0,0
2020/03/13,Iraq,15,9,0
2020/03/13,Iran,1289,253,85
2020/03/13,Indonesia,42,0,0
2020/03/13,India,8,0,0
2020/03/13,Iceland,19,0,0
2020/03/13,Azerbaijan,4,0,1
2020/03/13,Greece,28,0,0
2020/03/13,Guernsey,1,0,0
2020/03/13,Hungary,7,0,0
2020/03/13,Gibraltar,1,0,0
2020/03/13,French Guiana,5,0,0
2020/03/13,Ghana,2,0,0
2020/03/13,Germany,1039,0,4
2020/03/13,Gabon,1,0,0
2020/03/13,French Polynesia,1,0,0
2020/03/13,Finland,90,0,0
2020/03/13,Faroe,2,0,0
2020/03/13,Ethiopia,1,0,0
2020/03/13,Estonia,1,0,0
2020/03/13,Egypt,13,2,1
2020/03/13,France,595,0,13
2020/03/14,New Zealand,1,0,0
2020/03/14,North Macedonia,4,0,0
2020/03/14,Norway,47,0,0
2020/03/14,Panama,9,0,0
2020/03/14,Palestine,4,0,0
2020/03/14,Paraguay,4,0,0
2020/03/14,Namibia,2,0,0
2020/03/14,Philippines,34,0,4
2020/03/14,Peru,6,0,0
2020/03/14,Pakistan,9,0,0
2020/03/14,Kazakstan,3,0,0
2020/03/14,Morocco,1,0,0
2020/03/14,United States,449,0,2
2020/03/14,Poland,17,0,0
2020/03/14,Kuwait,20,0,0
2020/03/14,Latvia,2,0,0
2020/03/14,Lebanon,16,0,0
2020/03/14,Oman,1,7,0
2020/03/14,Lithuania,3,0,0
2020/03/14,Maldives,1,0,0
2020/03/14,Mexico,11,0,0
2020/03/14,Moldova,2,0,0
2020/03/14,Korea,107,0,0
2020/03/14,Vietnam,6,0,0
2020/03/14,Reunion Island,3,0,0
2020/03/14,United Kingdom,208,0,0
2020/03/14,Senegal,11,2,0
2020/03/14,Venezuela,2,0,0
2020/03/14,Uruguay,4,0,0
2020/03/14,Thailand,7,0,0
2020/03/14,Turkey,3,0,0
2020/03/14,Suriname,1,0,0
2020/03/14,Switzerland,180,0,0
2020/03/14,Qatar,76,0,0
2020/03/14,San Marino,4,2,2
2020/03/14,Sudan,1,0,1
2020/03/14,Romania,27,0,0
2020/03/14,Russia,2,0,0
2020/03/14,Saint Vincent and the Grenadines,1,0,0
2020/03/14,SriLanka,5,0,0
2020/03/14,Sweden,92,0,0
2020/03/14,Saudi Arabia,24,0,0
2020/03/14,Slovakia,16,0,0
2020/03/14,Slovenia,52,0,0
2020/03/14,Republic of Serbia,10,0,0
2020/03/14,Spain,1023,0,0
2020/03/14,Cyprus,7,0,0
2020/03/14,Indonesia,27,0,0
2020/03/14,Brazil,21,0,0
2020/03/14,Brunei,4,0,0
2020/03/14,Bulgaria,7,0,0
2020/03/14,Cameroon,1,0,0
2020/03/14,Canada,49,0,0
2020/03/14,China,34,1461,13
2020/03/14,Colombia,4,0,0
2020/03/14,Croatia,6,0,0
2020/03/14,Czech Republic,45,0,0
2020/03/14,Austria,143,2,0
2020/03/14,Malaysia,80,0,0
2020/03/14,Algeria,11,0,0
2020/03/14,Argentina,3,1,1
2020/03/14,Denmark,16,0,0
2020/03/14,Chile,10,0,0
2020/03/14,Armenia,9,0,0
2020/03/14,Bailiwick of Jersey,2,0,0
2020/03/14,Australia,92,0,0
2020/03/14,Afghanistan,3,0,0
2020/03/14,Bahrain,1,0,0
2020/03/14,Belgium,133,0,0
2020/03/14,Japan,35,0,2
2020/03/14,Italy,2547,181,250
2020/03/14,Israel,28,0,0
2020/03/14,Ecuador,8,0,1
2020/03/14,Iran,1365,0,0
2020/03/14,Iraq,10,0,1
2020/03/14,Iceland,19,0,0
2020/03/14,Hungary,3,1,0
2020/03/14,India,3,0,0
2020/03/14,Greece,73,0,0
2020/03/14,Ireland,20,0,0
2020/03/14,Estonia,51,0,0
2020/03/14,Egypt,13,11,0
2020/03/14,Jordan,0,1,0
2020/03/14,France,785,0,18
2020/03/14,Guatemala,1,0,0
2020/03/15,Hungary,11,0,0
2020/03/15,India,23,0,2
2020/03/15,Indonesia,21,0,1
2020/03/15,Iceland,28,0,0
2020/03/15,Germany,1749,0,2
2020/03/15,Guinea,1,0,0
2020/03/15,Ireland,39,0,1
2020/03/15,Japan,71,0,3
2020/03/15,Latvia,8,0,0
2020/03/15,France,839,24,12
2020/03/15,Luxembourg,52,0,1
2020/03/15,Lithuania,2,0,0
2020/03/15,Iran,1209,1061,210
2020/03/15,Lebanon,6,0,0
2020/03/15,Korea,76,324,3
2020/03/15,Kazakstan,2,0,0
2020/03/15,Jordan,6,0,0
2020/03/15,Kuwait,0,5,0
2020/03/15,Greece,38,0,2
2020/03/15,Austria,151,0,0
2020/03/15,Algeria,8,0,1
2020/03/15,Finland,69,0,0
2020/03/15,Australia,36,0,0
2020/03/15,Malta,12,0,0
2020/03/15,Belarus,15,1,0
2020/03/15,Israel,46,0,0
2020/03/15,Belgium,197,0,0
2020/03/15,Bahrain,3,25,0
2020/03/15,Azerbaijan,0,3,0
2020/03/15,Armenia,7,0,0
2020/03/15,Czech Republic,48,0,0
2020/03/15,Iraq,17,0,0
2020/03/15,Argentina,11,0,0
2020/03/15,Brazil,53,0,0
2020/03/15,Antigua and Barbuda,1,0,0
2020/03/15,Albania,5,0,1
2020/03/15,Afghanistan,6,0,0
2020/03/15,Malaysia,190,0,0
2020/03/15,Bosnia and Herzegovina,8,0,0
2020/03/15,Brunei,10,0,0
2020/03/15,Bulgaria,13,0,2
2020/03/15,Estonia,41,0,0
2020/03/15,Egypt,17,0,0
2020/03/15,Denmark,26,0,0
2020/03/15,Ivory Coast,3,0,0
2020/03/15,Democratic Republic of the Congo,1,0,0
2020/03/15,Italy,3610,527,175
2020/03/15,Georgia,5,0,0
2020/03/15,The Republic of Equatorial Guinea,1,0,0
2020/03/15,Uruguay,2,0,0
2020/03/15,China,33,1362,10
2020/03/15,Chile,18,0,0
2020/03/15,Canada,55,0,0
2020/03/15,United Kingdom,342,10,15
2020/03/15,Maldives,3,0,0
2020/03/15,The Islamic Republic of Mauritania,1,0,0
2020/03/15,Senegal,3,0,0
2020/03/15,Seychelles,2,0,0
2020/03/15,Singapore,12,23,0
2020/03/15,Slovenia,40,0,0
2020/03/15,Colombia,9,0,0
2020/03/15,Thailand,32,1,0
2020/03/15,SriLanka,3,0,0
2020/03/15,Swaziland,1,0,0
2020/03/15,Spain,2521,382,168
2020/03/15,Sweden,186,0,0
2020/03/15,Tunisia,5,0,0
2020/03/15,Turkey,1,0,0
2020/03/15,United Arab Emirates,1,3,0
2020/03/15,Switzerland,0,0,7
2020/03/15,United States,801,0,19
2020/03/15,Slovakia,12,0,0
2020/03/15,Venezuela,8,0,0
2020/03/15,Saudi Arabia,17,0,0
2020/03/15,South Africa,27,0,0
2020/03/15,Moldova,4,0,0
2020/03/15,Monaco,1,0,0
2020/03/15,Morocco,9,0,0
2020/03/15,New Zealand,2,0,0
2020/03/15,Philippines,42,0,5
2020/03/15,Norway,296,0,3
2020/03/15,Mexico,15,0,0
2020/03/15,Oman,1,0,0
2020/03/15,Netherlands,155,0,7
2020/03/15,Russia,12,0,0
2020/03/15,Romania,4,0,0
2020/03/15,Pakistan,5,0,0
2020/03/15,Panama,7,0,0
2020/03/15,Republic of Rwanda,1,0,0
2020/03/15,Portugal,53,0,0
2020/03/15,Poland,36,0,3
2020/03/15,Croatia,9,0,0
2020/03/15,Republic of Serbia,5,0,0
2020/03/16,Norway,31,0,0
2020/03/16,Oman,1,0,0
2020/03/16,Pakistan,19,0,0
2020/03/16,North Macedonia,5,0,0
2020/03/16,Qatar,63,0,0
2020/03/16,Peru,43,0,0
2020/03/16,Poland,21,13,0
2020/03/16,Portugal,133,0,0
2020/03/16,Puerto Rico,3,0,0
2020/03/16,Republic of Rwanda,4,0,0
2020/03/16,Panama,12,0,0
2020/03/16,Netherlands,176,0,8
2020/03/16,Korea,74,303,0
2020/03/16,Republic of Serbia,2,0,0
2020/03/16,Kuwait,12,0,0
2020/03/16,Latvia,4,0,0
2020/03/16,Lebanon,1,0,0
2020/03/16,Liechtenstein,3,0,0
2020/03/16,Malaysia,0,10,0
2020/03/16,Mexico,12,0,0
2020/03/16,Moldova,11,0,0
2020/03/16,United Arab Emirates,12,0,0
2020/03/16,Russia,4,0,0
2020/03/16,Switzerland,374,0,2
2020/03/16,Turkey,12,0,0
2020/03/16,Tunisia,2,0,0
2020/03/16,United Kingdom,403,0,14
2020/03/16,United States,815,0,6
2020/03/16,Uzbekistan,1,0,0
2020/03/16,Vietnam,4,0,0
2020/03/16,Lithuania,4,0,0
2020/03/16,Sweden,62,0,0
2020/03/16,San Marino,25,0,0
2020/03/16,Singapore,14,0,0
2020/03/16,Slovakia,17,0,0
2020/03/16,Slovenia,38,0,0
2020/03/16,Spain,1438,0,21
2020/03/16,SriLanka,8,0,0
2020/03/16,Reunion Island,3,0,0
2020/03/16,Romania,22,0,0
2020/03/16,Cayman Is,1,0,0
2020/03/16,Luxembourg,18,0,0
2020/03/16,Cambodia,2,0,0
2020/03/16,Bulgaria,8,0,0
2020/03/16,Cameroon,1,0,0
2020/03/16,Canada,90,0,0
2020/03/16,Central African Republic,1,0,0
2020/03/16,Chile,14,0,0
2020/03/16,China,37,892,14
2020/03/16,Colombia,23,0,0
2020/03/16,Costa Rica,13,0,0
2020/03/16,Czech Republic,109,0,0
2020/03/16,Brazil,49,0,0
2020/03/16,Bosnia and Herzegovina,3,0,0
2020/03/16,Kenya,2,0,0
2020/03/16,Albania,4,0,0
2020/03/16,Algeria,9,0,0
2020/03/16,Argentina,11,0,0
2020/03/16,Azerbaijan,4,0,0
2020/03/16,Australia,26,3,2
2020/03/16,Austria,205,0,0
2020/03/16,Bahamas,1,0,0
2020/03/16,Bangladesh,2,0,0
2020/03/16,Armenia,6,0,0
2020/03/16,Guyana,3,0,0
2020/03/16,Hungary,2,0,1
2020/03/16,Iceland,21,0,0
2020/03/16,Iran,1053,406,129
2020/03/16,Iraq,14,0,0
2020/03/16,Israel,13,0,0
2020/03/16,Italy,3668,369,368
2020/03/16,Japan,1,22,0
2020/03/16,Diamond Princess Cruise Ship,15,31,0
2020/03/16,Ireland,40,0,0
2020/03/16,Jordan,6,0,0
2020/03/16,Guatemala,1,0,0
2020/03/16,Denmark,37,0,3
2020/03/16,Estonia,62,0,0
2020/03/16,Ethiopia,3,0,0
2020/03/16,Finland,19,0,0
2020/03/16,Egypt,16,5,0
2020/03/16,France,923,0,36
2020/03/16,Georgia,3,0,0
2020/03/16,Germany,1805,0,4
2020/03/16,Ghana,4,0,0
2020/03/16,India,3,0,0
2020/03/16,Greece,103,0,0
2020/03/17,Oman,2,3,0
2020/03/17,Malta,3,0,0
2020/03/17,Pakistan,159,0,0
2020/03/17,Palestine,3,0,0
2020/03/17,Panama,14,0,0
2020/03/17,Paraguay,3,0,0
2020/03/17,Portugal,203,3,1
2020/03/17,Qatar,38,0,0
2020/03/17,Republic of Rwanda,2,0,0
2020/03/17,Republic of Serbia,17,0,0
2020/03/17,Reunion,9,0,0
2020/03/17,Norway,254,0,0
2020/03/17,Poland,80,0,0
2020/03/17,Slovenia,34,0,1
2020/03/17,Liberia,2,0,0
2020/03/17,Nigeria,1,0,0
2020/03/17,Romania,35,0,0
2020/03/17,Liechtenstein,3,0,0
2020/03/17,Lithuania,5,0,0
2020/03/17,Luxembourg,4,0,0
2020/03/17,Malaysia,245,7,2
2020/03/17,New Zealand,3,0,0
2020/03/17,Philippines,47,0,3
2020/03/17,Martinique,12,0,0
2020/03/17,Monaco,6,0,0
2020/03/17,Morocco,22,1,0
2020/03/17,Netherlands,570,0,4
2020/03/17,Mexico,29,0,0
2020/03/17,United Kingdom,407,0,21
2020/03/17,Trinidad and Tobago,1,0,0
2020/03/17,Turkey,29,0,0
2020/03/17,Tanzania,1,0,0
2020/03/17,Ukraine,4,0,2
2020/03/17,United States,961,38,24
2020/03/17,Uruguay,23,0,0
2020/03/17,Uzbekistan,9,0,0
2020/03/17,Venezuela,23,0,0
2020/03/17,Vietnam,9,0,0
2020/03/17,Latvia,4,0,0
2020/03/17,Thailand,63,6,0
2020/03/17,Singapore,40,0,0
2020/03/17,Russia,30,0,0
2020/03/17,San Marino,0,0,2
2020/03/17,Saudi Arabia,30,5,0
2020/03/17,Senegal,3,0,0
2020/03/17,Seychelles,2,0,0
2020/03/17,Switzerland,706,0,6
2020/03/17,Sweden,96,0,-1
2020/03/17,Spain,1987,457,182
2020/03/17,SriLanka,25,0,0
2020/03/17,St.Lucia,1,0,0
2020/03/17,Germany,1169,121,4
2020/03/17,Slovakia,11,0,0
2020/03/17,South Africa,11,0,0
2020/03/17,Lebanon,20,0,0
2020/03/17,Israel,91,3,0
2020/03/17,Cameroon,6,0,0
2020/03/17,Canada,93,0,3
2020/03/17,Cayman Is,0,0,1
2020/03/17,Chile,81,0,0
2020/03/17,China,36,890,13
2020/03/17,Colombia,12,0,0
2020/03/17,Croatia,11,0,0
2020/03/17,Cyprus,12,0,0
2020/03/17,Czech Republic,46,3,0
2020/03/17,Denmark,50,0,1
2020/03/17,Brazil,34,0,0
2020/03/17,Burkina Faso,13,0,0
2020/03/17,Bolivia,9,0,0
2020/03/17,Armenia,38,0,0
2020/03/17,Kuwait,18,7,0
2020/03/17,Afghanistan,6,0,0
2020/03/17,Argentina,9,0,0
2020/03/17,Algeria,6,0,1
2020/03/17,Andorra,13,0,0
2020/03/17,Costa Rica,6,0,0
2020/03/17,Austria,156,0,2
2020/03/17,Bahrain,23,21,1
2020/03/17,Bangladesh,3,0,0
2020/03/17,Belarus,9,0,0
2020/03/17,Korea,84,264,6
2020/03/17,Belgium,357,0,2
2020/03/17,Dominican Republic,20,0,1
2020/03/17,Australia,151,0,0
2020/03/17,Egypt,40,0,0
2020/03/17,Hungary,18,0,0
2020/03/17,Iceland,3,0,0
2020/03/17,India,27,0,1
2020/03/17,Indonesia,55,0,2
2020/03/17,Iran,1178,393,135
2020/03/17,Iraq,30,17,2
2020/03/17,Brunei,6,0,0
2020/03/17,Italy,4084,414,349
2020/03/17,Jamaica,9,0,0
2020/03/17,Japan,62,0,5
2020/03/17,Jordan,21,0,0
2020/03/17,Cambodia,5,0,0
2020/03/17,Ecuador,35,0,1
2020/03/17,Kenya,1,0,0
2020/03/17,Ivory Coast,2,1,0
2020/03/17,Ireland,54,0,0
2020/03/17,Kazakstan,24,0,0
2020/03/17,Estonia,34,0,0
2020/03/17,Faroe,9,0,0
2020/03/17,Finland,29,0,0
2020/03/17,France,1210,0,21
2020/03/17,French Polynesia,2,0,0
2020/03/17,French Guiana,2,0,0
2020/03/17,Greece,21,0,1
2020/03/17,Guatemala,0,0,1
2020/03/17,Azerbaijan,5,0,0
2020/03/17,Ethiopia,1,0,0
2020/03/18,Thailand,35,0,0
2020/03/18,Palestine,3,0,0
2020/03/18,New Zealand,9,0,0
2020/03/18,Pakistan,25,0,0
2020/03/18,North Macedonia,13,0,0
2020/03/18,Norway,121,0,0
2020/03/18,Oman,9,0,0
2020/03/18,Peru,46,0,0
2020/03/18,Philippines,15,0,0
2020/03/18,Poland,33,0,0
2020/03/18,Netherlands,0,0,19
2020/03/18,Panama,17,0,0
2020/03/18,Republic of Rwanda,1,0,0
2020/03/18,Kuwait,12,0,0
2020/03/18,Malaysia,117,11,0
2020/03/18,Latvia,15,0,0
2020/03/18,Republic of Serbia,18,0,0
2020/03/18,Korea,93,139,3
2020/03/18,Malta,9,0,0
2020/03/18,Martinique,1,0,0
2020/03/18,Mexico,11,0,0
2020/03/18,Moldova,7,0,0
2020/03/18,Mongolia,3,0,0
2020/03/18,Luxembourg,122,0,1
2020/03/18,Lithuania,5,0,0
2020/03/18,Spain,2538,53,107
2020/03/18,Trinidad and Tobago,3,0,0
2020/03/18,Turkey,51,0,1
2020/03/18,Slovakia,25,0,0
2020/03/18,Tanzania,2,0,0
2020/03/18,Sweden,72,1,1
2020/03/18,The Republic of Equatorial Guinea,2,0,0
2020/03/18,St.Lucia,1,0,0
2020/03/18,SriLanka,6,0,0
2020/03/18,Kenya,3,0,0
2020/03/18,South Africa,54,0,0
2020/03/18,Sudan,1,0,0
2020/03/18,Kazakstan,3,0,0
2020/03/18,Senegal,4,0,0
2020/03/18,United Arab Emirates,15,3,0
2020/03/18,Russia,54,2,0
2020/03/18,Saint Barthelemy,2,0,0
2020/03/18,San Marino,4,0,2
2020/03/18,Saudi Arabia,38,0,0
2020/03/18,Ukraine,7,0,0
2020/03/18,Romania,59,0,0
2020/03/18,Uzbekistan,5,0,0
2020/03/18,Uruguay,21,0,0
2020/03/18,United States,1759,26,18
2020/03/18,United Kingdom,676,34,4
2020/03/18,Singapore,47,0,0
2020/03/18,Vietnam,2,0,0
2020/03/18,Morocco,11,0,0
2020/03/18,Nigeria,5,1,0
2020/03/18,Brazil,57,0,1
2020/03/18,Bulgaria,30,0,0
2020/03/18,Burkina Faso,5,0,1
2020/03/18,Canada,159,6,4
2020/03/18,Benin,1,0,0
2020/03/18,Cambodia,23,0,0
2020/03/18,Costa Rica,9,0,0
2020/03/18,Croatia,12,0,0
2020/03/18,Cuba,1,0,0
2020/03/18,Cyprus,16,0,0
2020/03/18,Chile,45,0,0
2020/03/18,China,67,961,11
2020/03/18,Democratic Republic of the Congo,4,0,0
2020/03/18,Brunei,12,0,0
2020/03/18,Austria,316,0,0
2020/03/18,Jordan,15,0,0
2020/03/18,Belgium,243,0,9
2020/03/18,Albania,13,0,0
2020/03/18,Algeria,7,0,1
2020/03/18,Andorra,25,0,0
2020/03/18,Argentina,14,0,0
2020/03/18,Armenia,14,0,0
2020/03/18,Azerbaijan,6,0,0
2020/03/18,Bahrain,19,7,0
2020/03/18,Bangladesh,6,3,1
2020/03/18,Barbados,2,0,0
2020/03/18,Somali,1,0,0
2020/03/18,Australia,107,0,0
2020/03/18,Czech Republic,90,0,0
2020/03/18,Egypt,30,0,2
2020/03/18,Honduras,6,0,0
2020/03/18,Hungary,8,1,0
2020/03/18,Iceland,40,0,0
2020/03/18,India,14,11,0
2020/03/18,Indonesia,55,0,15
2020/03/18,Iraq,10,2,1
2020/03/18,Ireland,69,0,0
2020/03/18,Italy,2484,192,345
2020/03/18,Japan,39,0,2
2020/03/18,Iran,1192,321,147
2020/03/18,Denmark,63,0,0
2020/03/18,Israel,129,0,0
2020/03/18,Guam,3,0,0
2020/03/18,Faroe,36,0,0
2020/03/18,Ethiopia,1,0,0
2020/03/18,Finland,47,0,0
2020/03/18,Greece,35,0,1
2020/03/18,France,1097,566,27
2020/03/18,Ecuador,53,0,0
2020/03/18,Estonia,20,0,0
2020/03/18,Gambia,1,0,0
2020/03/18,Germany,3472,0,9
2020/03/18,Ghana,1,0,0
2020/03/18,Gibraltar,2,0,0
2020/03/18,Slovenia,22,0,0
2020/03/18,Gabon,2,0,0
2020/03/18,Georgia,2,0,0
2020/03/19,Moldova,6,1,1
2020/03/19,Sweden,88,0,2
2020/03/19,Switzerland,1169,0,20
2020/03/19,Singapore,32,12,0
2020/03/19,SriLanka,10,0,0
2020/03/19,Slovakia,8,0,1
2020/03/19,Tanzania,3,0,0
2020/03/19,Uruguay,29,0,0
2020/03/19,Latvia,22,0,0
2020/03/19,Spain,3431,0,169
2020/03/19,Kuwait,6,0,0
2020/03/19,Lebanon,29,0,0
2020/03/19,Lithuania,11,0,0
2020/03/19,The Republic of Equatorial Guinea,1,0,0
2020/03/19,Uzbekistan,8,0,0
2020/03/19,Vietnam,7,0,0
2020/03/19,United Kingdom,0,13,44
2020/03/19,United Arab Emirates,27,5,0
2020/03/19,Ukraine,2,0,0
2020/03/19,Turkey,93,0,1
2020/03/19,Tunisia,19,0,0
2020/03/19,Thailand,60,1,0
2020/03/19,Senegal,5,0,0
2020/03/19,Luxembourg,132,0,2
2020/03/19,Saudi Arabia,67,0,0
2020/03/19,Norway,110,0,3
2020/03/19,New Zealand,8,0,0
2020/03/19,Netherlands,755,0,15
2020/03/19,Morocco,9,0,0
2020/03/19,Nigeria,4,0,0
2020/03/19,Mauritius,3,0,0
2020/03/19,Malaysia,110,0,0
2020/03/19,United States,3839,32,45
2020/03/19,Mexico,25,0,1
2020/03/19,Korea,152,407,7
2020/03/19,North Macedonia,4,0,0
2020/03/19,Russia,52,3,1
2020/03/19,Republic of Serbia,6,0,0
2020/03/19,Republic of Rwanda,3,0,0
2020/03/19,Qatar,13,4,0
2020/03/19,Puerto Rico,2,0,0
2020/03/19,Portugal,194,0,0
2020/03/19,Poland,49,0,2
2020/03/19,Philippines,15,6,3
2020/03/19,Peru,28,0,0
2020/03/19,Panama,23,0,0
2020/03/19,Palestine,3,0,0
2020/03/19,Pakistan,64,1,2
2020/03/19,Oman,6,0,0
2020/03/19,San Marino,7,0,5
2020/03/19,Ghana,2,0,0
2020/03/19,Nicaragua,1,0,0
2020/03/19,Cameroon,3,0,0
2020/03/19,Canada,132,0,1
2020/03/19,Chile,37,0,0
2020/03/19,Brunei,5,0,0
2020/03/19,China,62,780,8
2020/03/19,Bulgaria,11,0,0
2020/03/19,Costa Rica,19,0,1
2020/03/19,Cuba,6,0,1
2020/03/19,Cyprus,9,0,0
2020/03/19,Czech Republic,138,0,0
2020/03/19,Democratic Republic of the Congo,7,0,0
2020/03/19,Denmark,80,0,0
2020/03/19,Colombia,45,0,0
2020/03/19,Croatia,0,4,0
2020/03/19,Brazil,223,0,3
2020/03/19,Burkina Faso,7,0,0
2020/03/19,Argentina,18,0,0
2020/03/19,Kazakstan,9,0,0
2020/03/19,Armenia,44,1,0
2020/03/19,Albania,4,0,0
2020/03/19,Andorra,14,0,0
2020/03/19,Australia,80,0,1
2020/03/19,Belgium,309,0,0
2020/03/19,Bahrain,13,12,0
2020/03/19,Bailiwick of Jersey,3,0,0
2020/03/19,Bangladesh,3,0,0
2020/03/19,Belarus,15,0,0
2020/03/19,Algeria,15,2,0
2020/03/19,Austria,314,3,1
2020/03/19,Germany,2667,0,2
2020/03/19,Egypt,14,2,2
2020/03/19,Honduras,1,0,0
2020/03/19,Hungary,15,0,0
2020/03/19,Iceland,30,0,0
2020/03/19,India,22,0,1
2020/03/19,Indonesia,82,7,0
2020/03/19,Iran,1046,269,149
2020/03/19,Japan,37,0,2
2020/03/19,Israel,96,0,0
2020/03/19,Italy,5672,1084,475
2020/03/19,Ivory Coast,3,0,0
2020/03/19,Jordan,8,0,0
2020/03/19,Jamaica,5,0,1
2020/03/19,Guatemala,4,0,0
2020/03/19,EI Salvador,1,0,0
2020/03/19,Malta,8,0,0
2020/03/19,Ireland,74,0,0
2020/03/19,Iraq,13,6,0
2020/03/19,Ecuador,44,0,0
2020/03/19,Fiji,1,0,0
2020/03/19,Finland,40,0,0
2020/03/19,France,1404,0,89
2020/03/19,Estonia,33,0,0
2020/03/19,Georgia,5,0,0
2020/03/19,Greece,31,14,0
2020/03/19,Djibouti,1,0,0
2020/03/20,Malaysia,130,27,1
2020/03/20,Malta,10,0,0
2020/03/20,Lithuania,8,0,0
2020/03/20,Liechtenstein,18,0,0
2020/03/20,Martinique,7,0,0
2020/03/20,Japan,13,0,1
2020/03/20,Lebanon,14,0,1
2020/03/20,Luxembourg,149,0,0
2020/03/20,Kuwait,11,0,0
2020/03/20,Korea,87,286,9
2020/03/20,Kazakstan,5,0,0
2020/03/20,Latvia,15,0,0
2020/03/20,Bahamas,2,0,0
2020/03/20,Hungary,12,0,0
2020/03/20,Iran,1237,766,149
2020/03/20,Indonesia,60,0,13
2020/03/20,India,50,1,1
2020/03/20,Iceland,80,0,0
2020/03/20,Mexico,46,0,0
2020/03/20,Panama,26,0,0
2020/03/20,Monaco,2,0,0
2020/03/20,Russia,54,0,0
2020/03/20,Romania,60,22,0
2020/03/20,Reunion,3,0,0
2020/03/20,Republic of Serbia,29,0,0
2020/03/20,Italy,3857,415,427
2020/03/20,Jordan,13,0,0
2020/03/20,Iraq,15,0,1
2020/03/20,Philippines,13,0,1
2020/03/20,Peru,89,0,1
2020/03/20,Paraguay,2,0,0
2020/03/20,Palestine,3,0,0
2020/03/20,Pakistan,147,0,0
2020/03/20,Oman,9,1,0
2020/03/20,Norway,196,0,1
2020/03/20,North Macedonia,32,0,0
2020/03/20,Poland,68,0,0
2020/03/20,Niger,1,0,0
2020/03/20,New Zealand,11,0,0
2020/03/20,Netherlands,534,0,48
2020/03/20,Morocco,8,1,1
2020/03/20,Ireland,191,0,0
2020/03/20,Mongolia,1,0,0
2020/03/20,Israel,176,9,0
2020/03/20,Bailiwick of Jersey,7,0,0
2020/03/20,Moldova,13,0,0
2020/03/20,Guinea,1,0,0
2020/03/20,Chile,104,0,0
2020/03/20,Central African Republic,2,0,0
2020/03/20,Canada,196,1,3
2020/03/20,Cameroon,8,0,0
2020/03/20,Bulgaria,15,0,0
2020/03/20,Brunei,5,1,0
2020/03/20,Brazil,107,0,3
2020/03/20,Bosnia and Herzegovina,40,0,0
2020/03/20,Bolivia,1,0,0
2020/03/20,Belgium,462,0,23
2020/03/20,Belarus,18,12,0
2020/03/20,Bangladesh,3,0,0
2020/03/20,Honduras,15,0,0
2020/03/20,Burkina Faso,6,0,0
2020/03/20,Bahrain,16,0,0
2020/03/20,Portugal,0,0,1
2020/03/20,Armenia,14,0,0
2020/03/20,Argentina,31,0,1
2020/03/20,Andorra,21,0,0
2020/03/20,Algeria,8,0,1
2020/03/20,Albania,0,0,1
2020/03/20,Afghanistan,2,0,0
2020/03/20,China,121,731,5
2020/03/20,Costa Rica,18,0,0
2020/03/20,Croatia,33,1,1
2020/03/20,Guam,2,0,0
2020/03/20,Greece,46,0,0
2020/03/20,Ghana,7,0,0
2020/03/20,Gibraltar,5,0,0
2020/03/20,Australia,241,0,1
2020/03/20,Colombia,26,0,0
2020/03/20,Faroe,11,0,0
2020/03/20,Czech Republic,202,0,0
2020/03/20,Gabon,1,0,1
2020/03/20,French Guiana,4,0,0
2020/03/20,France,1861,698,108
2020/03/20,Guyana,1,0,0
2020/03/20,Finland,41,0,0
2020/03/20,Egypt,46,0,0
2020/03/20,Ethiopia,3,0,0
2020/03/20,Estonia,9,0,0
2020/03/20,Ecuador,105,0,1
2020/03/20,Dominican Republic,13,0,0
2020/03/20,Georgia,3,1,0
2020/03/20,Germany,1460,0,16
2020/03/20,Spain,2833,507,235
2020/03/20,Denmark,169,0,2
2020/03/20,Ukraine,10,0,1
2020/03/20,Cuba,5,0,0
2020/03/20,Mauritius,4,0,0
2020/03/20,Senegal,2,0,0
2020/03/20,The Islamic Republic of Mauritania,1,0,0
2020/03/20,Togo,8,1,0
2020/03/20,Trinidad and Tobago,2,0,0
2020/03/20,Turkey,168,0,2
2020/03/20,Thailand,50,1,0
2020/03/20,United States,3991,15,55
2020/03/20,Uruguay,15,0,0
2020/03/20,Uzbekistan,10,0,0
2020/03/20,Venezuela,9,0,0
2020/03/20,Cyprus,9,0,0
2020/03/20,Vietnam,12,1,0
2020/03/20,United Kingdom,643,14,40
2020/03/20,The Republic of Equatorial Guinea,2,0,0
2020/03/20,Saudi Arabia,36,0,0
2020/03/20,Democratic Republic of the Congo,4,0,0
2020/03/20,Seychelles,2,0,0
2020/03/20,Switzerland,450,0,0
2020/03/20,Singapore,40,7,0
2020/03/20,Sint Maarten,2,0,0
2020/03/20,Slovakia,18,0,0
2020/03/20,South Africa,86,0,0
2020/03/20,Slovenia,11,0,0
2020/03/20,Sweden,144,0,1
2020/03/20,Suriname,1,0,0
2020/03/20,Austria,367,0,0
2020/03/20,SriLanka,11,0,0
2020/03/21,Pakistan,47,0,1
2020/03/21,Norway,181,0,0
2020/03/21,Palestine,1,0,0
2020/03/21,Qatar,18,6,0
2020/03/21,Poland,70,0,0
2020/03/21,Peru,29,0,3
2020/03/21,Portugal,143,0,1
2020/03/21,Puerto Rico,1,0,0
2020/03/21,Republic of Rwanda,6,0,0
2020/03/21,French Polynesia,8,0,0
2020/03/21,Paraguay,7,0,0
2020/03/21,Panama,65,0,0
2020/03/21,New Zealand,14,0,0
2020/03/21,Republic of Serbia,17,0,1
2020/03/21,Madagascar,3,0,0
2020/03/21,Malta,5,0,0
2020/03/21,Martinique,9,0,0
2020/03/21,Mauritius,5,0,0
2020/03/21,Mexico,39,0,1
2020/03/21,Moldova,17,0,0
2020/03/21,Monaco,1,0,0
2020/03/21,Mongolia,1,0,0
2020/03/21,Morocco,11,0,0
2020/03/21,Namibia,1,0,0
2020/03/21,Lithuania,22,0,0
2020/03/21,Reunion,3,0,0
2020/03/21,Sweden,200,0,0
2020/03/21,Romania,31,6,0
2020/03/21,Trinidad and Tobago,2,0,0
2020/03/21,Tunisia,15,0,0
2020/03/21,Turkey,311,0,5
2020/03/21,Ukraine,3,0,0
2020/03/21,Iceland,79,0,0
2020/03/21,United Arab Emirates,0,0,2
2020/03/21,United States,4851,0,36
2020/03/21,Uruguay,16,0,0
2020/03/21,Zimbabwe,1,0,0
2020/03/21,Switzerland,288,0,4
2020/03/21,Lebanon,14,0,0
2020/03/21,San Marino,17,0,0
2020/03/21,Saudi Arabia,70,2,0
2020/03/21,Senegal,9,3,0
2020/03/21,Slovenia,55,0,0
2020/03/21,Latvia,25,0,0
2020/03/21,Slovakia,14,0,0
2020/03/21,Estonia,16,0,0
2020/03/21,Kingdom of Bhutan,1,0,0
2020/03/21,Canada,164,0,0
2020/03/21,Cayman Is,2,0,0
2020/03/21,Chad,1,0,0
2020/03/21,Chile,92,0,0
2020/03/21,China,29,584,6
2020/03/21,Costa Rica,26,0,1
2020/03/21,Cuba,5,0,0
2020/03/21,Cyprus,8,0,0
2020/03/21,Czech Republic,59,1,0
2020/03/21,Denmark,29,0,3
2020/03/21,Brazil,283,0,4
2020/03/21,Burkina Faso,7,0,0
2020/03/21,United Kingdom,714,0,33
2020/03/21,Albania,11,0,0
2020/03/21,Algeria,0,0,1
2020/03/21,Argentina,30,0,0
2020/03/21,Australia,52,0,0
2020/03/21,Austria,375,0,1
2020/03/21,Benin,1,0,0
2020/03/21,Bolivia,3,0,0
2020/03/21,Greece,31,5,3
2020/03/21,Iraq,16,0,4
2020/03/21,Ireland,126,0,1
2020/03/21,Dominican Republic,0,0,1
2020/03/21,Israel,0,1,1
2020/03/21,Ivory Coast,5,0,0
2020/03/21,Jordan,16,0,0
2020/03/21,Cambodia,12,0,0
2020/03/21,Kazakstan,3,0,0
2020/03/21,Italy,5986,689,627
2020/03/21,Guatemala,3,0,0
2020/03/21,Egypt,29,11,2
2020/03/21,Faroe,14,0,0
2020/03/21,Finland,50,0,0
2020/03/21,France,1617,287,78
2020/03/21,Korea,147,379,2
2020/03/21,French Guiana,4,0,0
2020/03/21,Germany,4409,45,24
2020/03/21,Gibraltar,2,0,0
2020/03/21,Bulgaria,20,0,1
2020/03/21,Ecuador,107,0,2
2020/03/21,Guam,7,0,0
